Country,Birth_Rate,Business_Tax_Rate,CO2_Emissions,Days_to_Start_Business,Ease_of_Business,Energy_Usage,GDP,Health Exp % GDP,Health_Exp/Capita,Hours_to_do_Tax,Infant_Mortality_Rate,Internet_Usage,Lending_Interest,Life_Expectancy_Female,Life_Expectancy_Male,Mobile_Phone_Usage,Population_0-14,Population_15-64,Population_65+,Population_Total,Population_Urban,Tourism_Inbound,Tourism_Outbound,Cluster
Afghanistan,0.04315384615384616,602.609375,80289.65909090907,54.787499999999994,170.0,38273.46875,154104284835.96152,0.09476923076923077,825.625,439.859375,0.08276923076923078,0.016666666666666666,0.2148317307692308,87.19230769230771,79.88461538461539,0.2545454545454545,0.4903076923076923,0.7355865384615383,0.02076923076923077,29535900.951923076,0.23292307692307693,4559480769.230768,2539649737.762238,0
Albania,0.014692307692307692,602.609375,80289.65909090907,54.787499999999994,82.0,38273.46875,154104284835.96152,0.09476923076923077,825.625,439.859375,0.07168269230769231,0.19230769230769232,0.2148317307692308,87.19230769230771,79.88461538461539,0.5615384615384615,0.2583846153846154,0.7355865384615383,0.08792307692307692,29535900.951923076,0.4785384615384615,4559480769.230768,2539649737.762238,0
Algeria,0.02207692307692308,737.125,102837.63636363637,54.787499999999994,151.0,38273.46875,154104284835.96152,0.09476923076923077,825.625,451.0,0.07168269230769231,0.06923076923076923,0.2148317307692308,87.19230769230771,79.88461538461539,0.49230769230769234,0.2926923076923077,0.7355865384615383,0.044230769230769226,34760672.07692308,0.6451538461538462,4559480769.230768,2539649737.762238,0
AmericanSamoa,0.020499999999999997,602.609375,80289.65909090907,54.787499999999994,0.0,38273.46875,154104284835.96152,0.09476923076923077,825.625,439.859375,0.07168269230769231,0.0,0.2148317307692308,87.19230769230771,79.88461538461539,0.0,0.0,0.7355865384615383,0.0,29535900.951923076,0.88,4559480769.230768,2539649737.762238,0
Andorra,0.010583333333333333,602.609375,80289.65909090907,54.787499999999994,0.0,38273.46875,154104284835.96152,0.09476923076923077,1354.7596153846152,439.859375,0.07168269230769231,0.5166666666666667,0.2148317307692308,87.19230769230771,79.88461538461539,0.7,0.0,0.7355865384615383,0.0,29535900.951923076,0.8974615384615384,4559480769.230768,2539649737.762238,0
Angola,0.04830769230769231,602.609375,80289.65909090907,82.0625,178.0,38273.46875,154104284835.96152,0.09476923076923077,825.625,439.859375,0.11577884615384616,0.038461538461538464,0.32580288461538465,87.19230769230771,79.88461538461539,0.23076923076923078,0.4775384615384616,0.7355865384615383,0.02446153846153846,29535900.951923076,0.3698461538461538,4559480769.230768,2539649737.762238,0
AntiguaandBarbuda,0.018384615384615385,602.609375,80289.65909090907,54.787499999999994,66.0,38273.46875,154104284835.96152,0.09476923076923077,825.625,439.859375,0.07168269230769231,0.3076923076923077,0.2148317307692308,87.19230769230771,79.88461538461539,1.1153846153846154,0.27676923076923077,0.7355865384615383,0.07184615384615384,29535900.951923076,0.2863076923076923,4559480769.230768,2539649737.762238,0
Argentina,0.017615384615384616,822.703125,133280.0227272727,54.787499999999994,121.0,63745.03125,254958485073.5769,0.09476923076923077,825.625,442.25,0.07168269230769231,0.2692307692307692,0.2148317307692308,87.19230769230771,79.88461538461539,0.8153846153846154,0.2606153846153846,0.7355865384615383,0.10323076923076924,38995454.615384616,0.9023846153846153,4559480769.230768,4197872290.2097907,1
Armenia,0.013769230769230768,602.609375,80289.65909090907,54.787499999999994,40.0,38273.46875,154104284835.96152,0.09476923076923077,825.625,545.5,0.07168269230769231,0.12307692307692308,0.2148317307692308,87.19230769230771,79.88461538461539,0.4538461538461539,0.2213846153846154,0.7355865384615383,0.10892307692307691,29535900.951923076,0.6403076923076922,4559480769.230768,2539649737.762238,0
Aruba,0.012076923076923077,602.609375,80289.65909090907,54.787499999999994,0.0,38273.46875,154104284835.96152,0.09476923076923077,825.625,439.859375,0.07168269230769231,0.38461538461538464,0.2148317307692308,87.19230769230771,79.88461538461539,0.9583333333333334,0.21515384615384617,0.7355865384615383,0.0906923076923077,29535900.951923076,0.4451538461538461,4559480769.230768,2539649737.762238,0
Australia,0.013384615384615384,602.609375,133280.0227272727,54.787499999999994,10.0,63745.03125,254958485073.5769,0.09476923076923077,1354.7596153846152,439.859375,0.07168269230769231,0.6799999999999999,0.2148317307692308,87.19230769230771,79.88461538461539,0.8461538461538461,0.19646153846153844,0.7355865384615383,0.13046153846153846,29535900.951923076,0.8813076923076923,7538134615.384614,4197872290.2097907,1
Austria,0.009384615384615384,602.609375,80289.65909090907,54.787499999999994,28.0,38273.46875,254958485073.5769,0.10607692307692308,1354.7596153846152,439.859375,0.07168269230769231,0.5923076923076923,0.2148317307692308,87.19230769230771,79.88461538461539,1.1538461538461537,0.15746153846153849,0.7355865384615383,0.16623076923076924,29535900.951923076,0.6582307692307693,7538134615.384614,4197872290.2097907,1
Azerbaijan,0.016615384615384615,602.609375,80289.65909090907,54.787499999999994,71.0,38273.46875,154104284835.96152,0.09476923076923077,825.625,525.625,0.07168269230769231,0.21818181818181817,0.2148317307692308,87.19230769230771,79.88461538461539,0.5076923076923077,0.25753846153846155,0.7355865384615383,0.06061538461538462,29535900.951923076,0.5260769230769231,4559480769.230768,2539649737.762238,0
BahamasThe,0.015769230769230768,602.609375,80289.65909090907,54.787499999999994,76.0,38273.46875,154104284835.96152,0.09476923076923077,1354.7596153846152,439.859375,0.07168269230769231,0.3153846153846154,0.2148317307692308,87.19230769230771,79.88461538461539,0.7,0.25123076923076926,0.7355865384615383,0.06361538461538462,29535900.951923076,0.8233076923076923,4559480769.230768,2539649737.762238,0
Bahrain,0.018307692307692306,602.609375,80289.65909090907,54.787499999999994,47.0,38273.46875,154104284835.96152,0.09476923076923077,825.625,439.859375,0.07168269230769231,0.38461538461538464,0.2148317307692308,87.19230769230771,79.88461538461539,0.9461538461538462,0.25123076923076926,0.7355865384615383,0.022000000000000002,29535900.951923076,0.8845384615384616,4559480769.230768,2539649737.762238,0
Bangladesh,0.023153846153846153,602.609375,80289.65909090907,54.787499999999994,132.0,38273.46875,154104284835.96152,0.09476923076923077,825.625,439.859375,0.07168269230769231,0.015384615384615385,0.2148317307692308,87.19230769230771,79.88461538461539,0.2,0.33784615384615385,0.7355865384615383,0.04376923076923077,48565704.70192307,0.27607692307692305,4559480769.230768,2539649737.762238,0
Barbados,0.013,602.609375,80289.65909090907,54.787499999999994,84.0,38273.46875,154104284835.96152,0.09476923076923077,826.4615384615385,439.859375,0.07168269230769231,0.4846153846153846,0.2148317307692308,87.19230769230771,79.88461538461539,0.7923076923076924,0.20353846153846153,0.7355865384615383,0.10853846153846154,29535900.951923076,0.32776923076923076,4559480769.230768,2539649737.762238,0
Belarus,0.010153846153846154,822.703125,80289.65909090907,54.787499999999994,64.0,38273.46875,154104284835.96152,0.09476923076923077,825.625,647.765625,0.07168269230769231,0.22000000000000003,0.21838461538461537,87.19230769230771,79.88461538461539,0.5538461538461539,0.15876923076923077,0.7355865384615383,0.1413846153846154,29535900.951923076,0.7278461538461538,4559480769.230768,2539649737.762238,0
Belgium,0.01146153846153846,602.609375,109065.54545454546,54.787499999999994,32.0,58322.846153846156,254958485073.5769,0.09707692307692307,1354.7596153846152,439.859375,0.07168269230769231,0.5923076923076923,0.2148317307692308,87.19230769230771,79.88461538461539,0.9230769230769231,0.17084615384615384,0.7355865384615383,0.172,29535900.951923076,0.9742307692307691,7538134615.384614,4197872290.2097907,1
Belize,0.02630769230769231,602.609375,80289.65909090907,54.787499999999994,104.0,38273.46875,154104284835.96152,0.09476923076923077,825.625,439.859375,0.07168269230769231,0.12727272727272726,0.2148317307692308,87.19230769230771,79.88461538461539,0.38461538461538464,0.3738461538461539,0.7355865384615383,0.040461538461538465,29535900.951923076,0.46053846153846156,4559480769.230768,2539649737.762238,0
Benin,0.03976923076923077,710.875,80289.65909090907,54.787499999999994,175.0,38273.46875,154104284835.96152,0.09476923076923077,825.625,439.859375,0.073,0.0,0.2148317307692308,87.19230769230771,79.88461538461539,0.2846153846153846,0.44261538461538463,0.7355865384615383,0.028538461538461537,29535900.951923076,0.40415384615384614,4559480769.230768,2539649737.762238,0
Bermuda,0.01276923076923077,602.609375,80289.65909090907,54.787499999999994,0.0,38273.46875,154104284835.96152,0.09476923076923077,825.625,439.859375,0.07168269230769231,0.6846153846153846,0.2148317307692308,87.19230769230771,79.88461538461539,0.8666666666666667,0.0,0.7355865384615383,0.0,29535900.951923076,1.0,4559480769.230768,2539649737.762238,0
Bhutan,0.023076923076923075,602.609375,80289.65909090907,54.787499999999994,146.0,38273.46875,154104284835.96152,0.09476923076923077,825.625,439.859375,0.07168269230769231,0.06923076923076923,0.2148317307692308,87.19230769230771,79.88461538461539,0.33999999999999997,0.33661538461538465,0.7355865384615383,0.041923076923076924,29535900.951923076,0.31323076923076926,4559480769.230768,2539649737.762238,0
Bolivia,0.028307692307692308,804.25,80289.65909090907,54.787499999999994,158.0,38273.46875,154104284835.96152,0.09476923076923077,825.625,647.765625,0.07168269230769231,0.11538461538461539,0.2148317307692308,87.19230769230771,79.88461538461539,0.38461538461538464,0.3771538461538462,0.7355865384615383,0.04484615384615384,29535900.951923076,0.6462307692307692,4559480769.230768,2539649737.762238,0
BosniaandHerzegovina,0.008769230769230769,602.609375,80289.65909090907,59.9,130.0,38273.46875,154104284835.96152,0.09476923076923077,825.625,439.859375,0.07168269230769231,0.2692307692307692,0.2148317307692308,87.19230769230771,79.88461538461539,0.5076923076923078,0.18523076923076923,0.7355865384615383,0.1340769230769231,29535900.951923076,0.3924615384615385,4559480769.230768,2539649737.762238,0
Botswana,0.02530769230769231,602.609375,80289.65909090907,82.0625,65.0,38273.46875,154104284835.96152,0.09476923076923077,825.625,439.859375,0.07168269230769231,0.04615384615384616,0.2148317307692308,87.19230769230771,79.88461538461539,0.6384615384615385,0.3567692307692308,0.7355865384615383,0.032615384615384616,29535900.951923076,0.5524615384615384,4559480769.230768,2539649737.762238,0
Brazil,0.017615384615384616,677.625,133280.0227272727,82.0625,118.0,63745.03125,254958485073.5769,0.09476923076923077,825.625,647.765625,0.07168269230769231,0.25384615384615383,0.32580288461538465,87.19230769230771,79.88461538461539,0.6153846153846154,0.2713076923076923,0.7355865384615383,0.06323076923076923,48565704.70192307,0.8309230769230769,4559480769.230768,4197872290.2097907,1
BruneiDarussalam,0.019153846153846153,602.609375,80289.65909090907,82.0625,79.0,38273.46875,154104284835.96152,0.09476923076923077,825.625,439.859375,0.07168269230769231,0.3692307692307692,0.2148317307692308,87.19230769230771,79.88461538461539,0.7615384615384616,0.2827692307692308,0.7355865384615383,0.03292307692307692,29535900.951923076,0.7383076923076922,4559480769.230768,2539649737.762238,0
Bulgaria,0.009615384615384616,602.609375,80289.65909090907,54.787499999999994,57.0,38273.46875,154104284835.96152,0.09476923076923077,825.625,581.25,0.07168269230769231,0.29230769230769227,0.2148317307692308,87.19230769230771,79.88461538461539,0.9153846153846155,0.13946153846153847,0.7355865384615383,0.1763846153846154,29535900.951923076,0.7092307692307691,4559480769.230768,2539649737.762238,0
BurkinaFaso,0.04415384615384615,602.609375,80289.65909090907,54.787499999999994,154.0,38273.46875,154104284835.96152,0.09476923076923077,825.625,439.859375,0.082,0.0,0.2148317307692308,87.19230769230771,79.88461538461539,0.16923076923076924,0.4633846153846154,0.7355865384615383,0.025692307692307695,29535900.951923076,0.22438461538461538,4559480769.230768,2539649737.762238,0
Burundi,0.04384615384615384,822.703125,80289.65909090907,54.787499999999994,157.0,38273.46875,154104284835.96152,0.09476923076923077,825.625,439.859375,0.07307692307692307,0.0,0.2148317307692308,87.19230769230771,79.88461538461539,0.06153846153846154,0.45615384615384613,0.7355865384615383,0.026769230769230767,29535900.951923076,0.09653846153846153,4559480769.230768,2539649737.762238,0
Cambodia,0.026307692307692306,602.609375,80289.65909090907,82.0625,135.0,38273.46875,154104284835.96152,0.09476923076923077,825.625,439.859375,0.07168269230769231,0.0,0.2148317307692308,87.19230769230771,79.88461538461539,0.3076923076923077,0.35346153846153844,0.7355865384615383,0.04515384615384615,29535900.951923076,0.19315384615384618,4559480769.230768,2539649737.762238,0
Cameroon,0.03984615384615385,602.609375,80289.65909090907,54.787499999999994,162.0,38273.46875,154104284835.96152,0.09476923076923077,825.625,647.765625,0.07646153846153846,0.015384615384615385,0.2148317307692308,87.19230769230771,79.88461538461539,0.22307692307692306,0.44146153846153846,0.7355865384615383,0.033,29535900.951923076,0.491,4559480769.230768,2539649737.762238,0
Canada,0.011,602.609375,133280.0227272727,54.787499999999994,17.0,63745.03125,254958485073.5769,0.10153846153846155,1354.7596153846152,439.859375,0.07168269230769231,0.7,0.2148317307692308,87.19230769230771,79.88461538461539,0.5692307692307692,0.1753076923076923,0.7355865384615383,0.13438461538461538,32663980.230769232,0.8035384615384615,7538134615.384614,4197872290.2097907,1
CaymanIslands,0.014599999999999998,602.609375,80289.65909090907,54.787499999999994,0.0,38273.46875,154104284835.96152,0.09476923076923077,825.625,439.859375,0.07168269230769231,0.575,0.2148317307692308,87.19230769230771,79.88461538461539,1.3076923076923077,0.0,0.7355865384615383,0.0,29535900.951923076,1.0,4559480769.230768,2539649737.762238,0
CentralAfricanRepublic,0.03676923076923077,822.703125,80289.65909090907,54.787499999999994,187.0,38273.46875,154104284835.96152,0.09476923076923077,825.625,501.375,0.10792307692307693,0.0,0.2148317307692308,87.19230769230771,79.88461538461539,0.08461538461538462,0.4146923076923077,0.7355865384615383,0.039538461538461536,29535900.951923076,0.3829230769230769,4559480769.230768,2539649737.762238,0
Chad,0.049,739.875,80289.65909090907,62.9,189.0,38273.46875,154104284835.96152,0.09476923076923077,825.625,647.765625,0.09907692307692308,0.0,0.2148317307692308,87.19230769230771,79.88461538461539,0.1,0.49023076923076925,0.7355865384615383,0.02630769230769231,29535900.951923076,0.21838461538461537,4559480769.230768,2539649737.762238,0
Chile,0.015076923076923078,602.609375,80289.65909090907,54.787499999999994,34.0,38273.46875,154104284835.96152,0.09476923076923077,825.625,439.859375,0.07168269230769231,0.3538461538461538,0.2148317307692308,87.19230769230771,79.88461538461539,0.7692307692307693,0.24400000000000002,0.7355865384615383,0.0833076923076923,29535900.951923076,0.8763076923076922,4559480769.230768,2539649737.762238,0
China,0.012307692307692308,720.375,133280.0227272727,54.787499999999994,99.0,63745.03125,254958485073.5769,0.09476923076923077,825.625,559.75,0.07168269230769231,0.16923076923076924,0.2148317307692308,87.19230769230771,79.88461538461539,0.3923076923076923,0.20646153846153847,0.7355865384615383,0.07792307692307691,48565704.70192307,0.43846153846153846,7538134615.384614,4197872290.2097907,1
Colombia,0.021,806.25,80289.65909090907,54.787499999999994,42.0,38273.46875,191941282513.3846,0.09476923076923077,825.625,439.859375,0.07168269230769231,0.2,0.2148317307692308,87.19230769230771,79.88461538461539,0.5692307692307692,0.3038461538461539,0.7355865384615383,0.05238461538461539,43829231.615384616,0.7386923076923076,4559480769.230768,2539649737.762238,2
Comoros,0.03823076923076923,822.703125,80289.65909090907,54.787499999999994,160.0,38273.46875,154104284835.96152,0.09476923076923077,825.625,439.859375,0.07168269230769231,0.02307692307692308,0.2148317307692308,87.19230769230771,79.88461538461539,0.13999999999999999,0.41746153846153844,0.7355865384615383,0.029923076923076924,29535900.951923076,0.2794615384615385,4559480769.230768,2539649737.762238,0
CongoDemRep,0.045538461538461535,822.703125,80289.65909090907,82.0625,183.0,38273.46875,154104284835.96152,0.09476923076923077,825.625,439.859375,0.10230769230769231,0.0,0.32580288461538465,87.19230769230771,79.88461538461539,0.10769230769230768,0.45961538461538465,0.7355865384615383,0.028,48565704.70192307,0.37984615384615383,4559480769.230768,2539649737.762238,0
CongoRep,0.03884615384615385,653.75,80289.65909090907,82.0625,186.0,38273.46875,154104284835.96152,0.09476923076923077,825.625,606.0,0.07168269230769231,0.02307692307692308,0.2148317307692308,87.19230769230771,79.88461538461539,0.3923076923076923,0.42153846153846153,0.7355865384615383,0.034923076923076925,29535900.951923076,0.6142307692307691,4559480769.230768,2539649737.762238,0
CostaRica,0.01730769230769231,602.609375,80289.65909090907,68.5,109.0,38273.46875,154104284835.96152,0.09476923076923077,825.625,439.859375,0.07168269230769231,0.2692307692307692,0.2148317307692308,87.19230769230771,79.88461538461539,0.3923076923076923,0.2743076923076923,0.7355865384615383,0.06053846153846154,29535900.951923076,0.6676923076923077,4559480769.230768,2539649737.762238,0
CotedIvoire,0.03692307692307692,602.609375,80289.65909090907,54.787499999999994,173.0,38273.46875,154104284835.96152,0.09476923076923077,825.625,439.859375,0.08653846153846154,0.0,0.2148317307692308,87.19230769230771,79.88461538461539,0.37692307692307697,0.4206153846153846,0.7355865384615383,0.029923076923076924,29535900.951923076,0.4766153846153846,4559480769.230768,2539649737.762238,0
Croatia,0.009538461538461539,602.609375,80289.65909090907,54.787499999999994,88.0,38273.46875,154104284835.96152,0.09476923076923077,825.625,439.859375,0.07168269230769231,0.36153846153846153,0.2148317307692308,87.19230769230771,79.88461538461539,0.8384615384615385,0.15946153846153846,0.7355865384615383,0.16984615384615387,29535900.951923076,0.5668461538461538,7462538461.538462,2539649737.762238,0
Cuba,0.011153846153846153,602.609375,80289.65909090907,54.787499999999994,0.0,38273.46875,154104284835.96152,0.09476923076923077,825.625,439.859375,0.07168269230769231,0.10769230769230768,0.2148317307692308,87.19230769230771,79.88461538461539,0.03076923076923077,0.1906153846153846,0.7355865384615383,0.11323076923076923,29535900.951923076,0.7616923076923078,4559480769.230768,2539649737.762238,0
Curacao,0.013428571428571429,602.609375,80289.65909090907,54.787499999999994,0.0,38273.46875,154104284835.96152,0.09476923076923077,825.625,439.859375,0.07168269230769231,0.0,0.2148317307692308,87.19230769230771,79.88461538461539,1.375,0.21376923076923077,0.7355865384615383,0.12184615384615385,29535900.951923076,0.9038461538461539,4559480769.230768,2539649737.762238,0
Cyprus,0.01223076923076923,602.609375,80289.65909090907,54.787499999999994,38.0,38273.46875,154104284835.96152,0.09476923076923077,1354.7596153846152,439.859375,0.07168269230769231,0.38461538461538464,0.2148317307692308,87.19230769230771,79.88461538461539,0.7153846153846154,0.19592307692307692,0.7355865384615383,0.10969230769230769,29535900.951923076,0.6809999999999999,4559480769.230768,2539649737.762238,0
CzechRepublic,0.010076923076923077,602.609375,119879.27272727272,54.787499999999994,68.0,43802.38461538462,154104284835.96152,0.09476923076923077,1006.0,647.765625,0.07168269230769231,0.4461538461538461,0.2148317307692308,87.19230769230771,79.88461538461539,1.0692307692307692,0.14915384615384614,0.7355865384615383,0.14576923076923076,29535900.951923076,0.7353846153846154,6137461538.461538,3127615384.6153846,0
Denmark,0.011692307692307693,602.609375,80289.65909090907,54.787499999999994,5.0,38273.46875,254958485073.5769,0.10069230769230769,1354.7596153846152,439.859375,0.07168269230769231,0.7769230769230769,0.2148317307692308,87.19230769230771,79.88461538461539,1.0384615384615385,0.1839230769230769,0.7355865384615383,0.157,29535900.951923076,0.8607692307692307,5409538461.538462,4197872290.2097907,1
Djibouti,0.028923076923076923,602.609375,80289.65909090907,54.787499999999994,172.0,38273.46875,154104284835.96152,0.09476923076923077,825.625,439.859375,0.07168269230769231,0.02307692307692308,0.2148317307692308,87.19230769230771,79.88461538461539,0.09230769230769233,0.3690769230769231,0.7355865384615383,0.03430769230769231,29535900.951923076,0.7681538461538462,4559480769.230768,2539649737.762238,0
Dominica,0.014333333333333332,602.609375,80289.65909090907,54.787499999999994,69.0,38273.46875,154104284835.96152,0.09476923076923077,825.625,439.859375,0.07168269230769231,0.34615384615384615,0.2148317307692308,87.19230769230771,79.88461538461539,0.8769230769230769,0.0,0.7355865384615383,0.0,29535900.951923076,0.6691538461538461,4559480769.230768,2539649737.762238,0
DominicanRepublic,0.02323076923076923,602.609375,80289.65909090907,54.787499999999994,112.0,38273.46875,154104284835.96152,0.09476923076923077,825.625,439.859375,0.07168269230769231,0.17692307692307693,0.21676923076923077,87.19230769230771,79.88461538461539,0.5153846153846154,0.3267692307692308,0.7355865384615383,0.057076923076923074,29535900.951923076,0.6868461538461539,4559480769.230768,2539649737.762238,0
Ecuador,0.023153846153846153,602.609375,80289.65909090907,68.0,134.0,38273.46875,154104284835.96152,0.09476923076923077,825.625,620.25,0.07168269230769231,0.13076923076923078,0.2148317307692308,87.19230769230771,79.88461538461539,0.5615384615384615,0.3236153846153846,0.7355865384615383,0.05730769230769231,29535900.951923076,0.6186153846153846,4559480769.230768,2539649737.762238,0
EgyptArabRep,0.024153846153846154,602.609375,133280.0227272727,54.787499999999994,127.0,60913.583333333336,154104284835.96152,0.09476923076923077,825.625,532.5,0.07168269230769231,0.16153846153846155,0.2148317307692308,87.19230769230771,79.88461538461539,0.4230769230769231,0.3269230769230769,0.7355865384615383,0.054538461538461536,48565704.70192307,0.42976923076923074,7538134615.384614,2539649737.762238,0
ElSalvador,0.02153846153846154,602.609375,80289.65909090907,54.787499999999994,115.0,38273.46875,154104284835.96152,0.09476923076923077,825.625,439.859375,0.07168269230769231,0.07692307692307693,0.2148317307692308,87.19230769230771,79.88461538461539,0.6923076923076923,0.34784615384615386,0.7355865384615383,0.06346153846153847,29535900.951923076,0.6216153846153846,4559480769.230768,2539649737.762238,0
EquatorialGuinea,0.03776923076923077,602.609375,80289.65909090907,82.0625,164.0,38273.46875,154104284835.96152,0.09476923076923077,825.625,492.0,0.08476923076923078,0.02307692307692308,0.2148317307692308,87.19230769230771,79.88461538461539,0.2692307692307692,0.4052307692307692,0.7355865384615383,0.032,29535900.951923076,0.38992307692307693,4559480769.230768,2539649737.762238,0
Eritrea,0.03930769230769231,822.703125,80289.65909090907,82.0625,185.0,38273.46875,154104284835.96152,0.09476923076923077,825.625,439.859375,0.07168269230769231,0.0,0.2148317307692308,87.19230769230771,79.88461538461539,0.011111111111111112,0.4401538461538461,0.7355865384615383,0.02,29535900.951923076,0.19307692307692306,4559480769.230768,2539649737.762238,0
Estonia,0.010846153846153846,602.609375,80289.65909090907,54.787499999999994,21.0,38273.46875,154104284835.96152,0.09476923076923077,825.625,439.859375,0.07168269230769231,0.5846153846153845,0.2148317307692308,87.19230769230771,79.88461538461539,1.0538461538461539,0.15869230769230772,0.7355865384615383,0.16776923076923078,29535900.951923076,0.6860769230769231,4559480769.230768,2539649737.762238,0
Ethiopia,0.038307692307692306,602.609375,80289.65909090907,54.787499999999994,124.0,38273.46875,154104284835.96152,0.09476923076923077,825.625,439.859375,0.07168269230769231,0.0,0.2148317307692308,87.19230769230771,79.88461538461539,0.038461538461538464,0.45561538461538464,0.7355865384615383,0.03184615384615385,48565704.70192307,0.16138461538461538,4559480769.230768,2539649737.762238,0
FaeroeIslands,0.013,602.609375,80289.65909090907,54.787499999999994,0.0,38273.46875,154104284835.96152,0.09476923076923077,825.625,439.859375,0.07168269230769231,0.676923076923077,0.2148317307692308,87.19230769230771,79.88461538461539,0.9230769230769231,0.0,0.7355865384615383,0.0,29535900.951923076,0.3954615384615385,4559480769.230768,2539649737.762238,0
Fiji,0.02292307692307692,602.609375,80289.65909090907,54.787499999999994,58.0,38273.46875,154104284835.96152,0.09476923076923077,825.625,439.859375,0.07168269230769231,0.13076923076923078,0.2148317307692308,87.19230769230771,79.88461538461539,0.4461538461538461,0.3093846153846154,0.7355865384615383,0.04261538461538462,29535900.951923076,0.5026923076923077,4559480769.230768,2539649737.762238,0
Finland,0.011,602.609375,80289.65909090907,54.787499999999994,12.0,38273.46875,203260125686.6154,0.09476923076923077,1354.7596153846152,439.859375,0.07168269230769231,0.7230769230769231,0.2148317307692308,87.19230769230771,79.88461538461539,1.169230769230769,0.1719230769230769,0.7355865384615383,0.1623846153846154,29535900.951923076,0.8303076923076922,4559480769.230768,4151000000.0,2
France,0.013,648.25,133280.0227272727,54.787499999999994,35.0,63745.03125,254958485073.5769,0.11023076923076923,1354.7596153846152,439.859375,0.07168269230769231,0.5307692307692308,0.2148317307692308,87.19230769230771,79.88461538461539,0.7846153846153846,0.18523076923076923,0.7355865384615383,0.16530769230769232,48565704.70192307,0.7736153846153846,7538134615.384614,4197872290.2097907,1
FrenchPolynesia,0.018153846153846152,602.609375,80289.65909090907,54.787499999999994,0.0,38273.46875,154104284835.96152,0.09476923076923077,825.625,439.859375,0.07168269230769231,0.27692307692307694,0.2148317307692308,87.19230769230771,79.88461538461539,0.5384615384615384,0.27015384615384613,0.7355865384615383,0.05546153846153846,29535900.951923076,0.5633076923076923,4559480769.230768,2539649737.762238,0
Gabon,0.033,602.609375,80289.65909090907,57.0,169.0,38273.46875,154104284835.96152,0.09476923076923077,825.625,488.0,0.07168269230769231,0.05384615384615385,0.2148317307692308,87.19230769230771,79.88461538461539,0.7,0.39384615384615385,0.7355865384615383,0.055615384615384615,29535900.951923076,0.8366923076923076,4559480769.230768,2539649737.762238,0
GambiaThe,0.044,822.703125,80289.65909090907,54.787499999999994,148.0,38273.46875,154104284835.96152,0.09476923076923077,825.625,439.859375,0.07168269230769231,0.05384615384615385,0.2826153846153846,87.19230769230771,79.88461538461539,0.4153846153846154,0.45953846153846156,0.7355865384615383,0.025461538461538463,29535900.951923076,0.5303076923076924,4559480769.230768,2539649737.762238,0
Georgia,0.013000000000000001,602.609375,80289.65909090907,54.787499999999994,9.0,38273.46875,154104284835.96152,0.09476923076923077,825.625,439.859375,0.07168269230769231,0.12307692307692308,0.2148317307692308,87.19230769230771,79.88461538461539,0.46923076923076923,0.18707692307692309,0.7355865384615383,0.1403076923076923,29535900.951923076,0.5262307692307693,4559480769.230768,2539649737.762238,0
Germany,0.008384615384615384,602.609375,133280.0227272727,54.787499999999994,19.0,63745.03125,254958485073.5769,0.109,1354.7596153846152,439.859375,0.07168269230769231,0.6538461538461539,0.2148317307692308,87.19230769230771,79.88461538461539,0.976923076923077,0.1423076923076923,0.7355865384615383,0.19115384615384615,48565704.70192307,0.7369230769230769,7538134615.384614,4197872290.2097907,1
Ghana,0.03330769230769231,602.609375,80289.65909090907,54.787499999999994,62.0,38273.46875,154104284835.96152,0.09476923076923077,825.625,439.859375,0.07168269230769231,0.03076923076923077,0.2148317307692308,87.19230769230771,79.88461538461539,0.3384615384615385,0.3995384615384615,0.7355865384615383,0.033538461538461545,29535900.951923076,0.48000000000000004,4559480769.230768,2539649737.762238,0
Greece,0.009923076923076923,602.609375,95056.0,54.787499999999994,89.0,38273.46875,240267298756.53845,0.09476923076923077,1354.7596153846152,439.859375,0.07168269230769231,0.30000000000000004,0.2148317307692308,87.19230769230771,79.88461538461539,0.9538461538461539,0.14607692307692305,0.7355865384615383,0.18407692307692305,29535900.951923076,0.7481538461538461,7538134615.384614,3216461538.4615383,1
Greenland,0.01553846153846154,602.609375,80289.65909090907,54.787499999999994,0.0,38273.46875,154104284835.96152,0.09476923076923077,825.625,439.859375,0.07168269230769231,0.5384615384615384,0.2148317307692308,87.19230769230771,79.88461538461539,0.7692307692307693,0.0,0.7355865384615383,0.0,29535900.951923076,0.8325384615384616,4559480769.230768,2539649737.762238,0
Grenada,0.019,602.609375,80289.65909090907,54.787499999999994,102.0,38273.46875,154104284835.96152,0.09476923076923077,825.625,439.859375,0.07168269230769231,0.19230769230769232,0.2148317307692308,87.19230769230771,79.88461538461539,0.5923076923076923,0.30053846153846153,0.7355865384615383,0.07507692307692307,29535900.951923076,0.35853846153846153,4559480769.230768,2539649737.762238,0
Guam,0.019230769230769232,602.609375,80289.65909090907,54.787499999999994,0.0,38273.46875,154104284835.96152,0.09476923076923077,825.625,439.859375,0.07168269230769231,0.4230769230769231,0.2148317307692308,87.19230769230771,79.88461538461539,0.38,0.28907692307692306,0.7355865384615383,0.06553846153846153,29535900.951923076,0.937,4559480769.230768,2539649737.762238,0
Guatemala,0.034076923076923074,602.609375,80289.65909090907,54.787499999999994,93.0,38273.46875,154104284835.96152,0.09476923076923077,825.625,439.859375,0.07168269230769231,0.07692307692307693,0.2148317307692308,87.19230769230771,79.88461538461539,0.6923076923076923,0.427,0.7355865384615383,0.043,29535900.951923076,0.4761538461538461,4559480769.230768,2539649737.762238,0
Guinea,0.03969230769230769,822.703125,80289.65909090907,54.787499999999994,179.0,38273.46875,154104284835.96152,0.09476923076923077,825.625,439.859375,0.08315384615384615,0.0,0.2148317307692308,87.19230769230771,79.88461538461539,0.17500000000000002,0.4338461538461538,0.7355865384615383,0.032461538461538465,29535900.951923076,0.33269230769230773,4559480769.230768,2539649737.762238,0
GuineaBissau,0.03984615384615385,602.609375,80289.65909090907,82.0625,181.0,38273.46875,154104284835.96152,0.09476923076923077,825.625,439.859375,0.09407692307692309,0.0,0.2148317307692308,87.19230769230771,79.88461538461539,0.26,0.42615384615384616,0.7355865384615383,0.029615384615384616,29535900.951923076,0.4176153846153846,4559480769.230768,2539649737.762238,0
Guyana,0.021846153846153845,602.609375,80289.65909090907,54.787499999999994,113.0,38273.46875,154104284835.96152,0.09476923076923077,825.625,439.859375,0.07168269230769231,0.2,0.2148317307692308,87.19230769230771,79.88461538461539,0.43076923076923074,0.3666153846153846,0.7355865384615383,0.03746153846153846,29535900.951923076,0.2835384615384615,4559480769.230768,2539649737.762238,0
Haiti,0.028384615384615383,602.609375,80289.65909090907,82.0625,177.0,38273.46875,154104284835.96152,0.09476923076923077,825.625,439.859375,0.07168269230769231,0.06923076923076923,0.2733846153846154,87.19230769230771,79.88461538461539,0.2,0.37753846153846154,0.7355865384615383,0.04246153846153847,29535900.951923076,0.45530769230769236,4559480769.230768,2539649737.762238,0
Honduras,0.028538461538461537,602.609375,80289.65909090907,54.787499999999994,125.0,38273.46875,154104284835.96152,0.09476923076923077,825.625,439.859375,0.07168269230769231,0.08461538461538462,0.2148317307692308,87.19230769230771,79.88461538461539,0.49230769230769234,0.3913076923076923,0.7355865384615383,0.04161538461538462,29535900.951923076,0.4916153846153846,4559480769.230768,2539649737.762238,0
HongKongSARChina,0.00976923076923077,602.609375,80289.65909090907,54.787499999999994,2.0,38273.46875,199824350679.23077,0.09476923076923077,825.625,439.859375,0.07168269230769231,0.5769230769230769,0.2148317307692308,87.19230769230771,79.88461538461539,1.4615384615384615,0.14038461538461539,0.7371538461538462,0.12230769230769231,29535900.951923076,1.0,7538134615.384614,4197872290.2097907,2
Hungary,0.009615384615384616,602.609375,80289.65909090907,54.787499999999994,52.0,38273.46875,154104284835.96152,0.09476923076923077,834.1538461538462,439.859375,0.07168269230769231,0.43076923076923074,0.2148317307692308,87.19230769230771,79.88461538461539,0.9384615384615385,0.15446153846153846,0.7355865384615383,0.16,29535900.951923076,0.6698461538461539,5256307692.307693,2662846153.8461537,0
Iceland,0.014538461538461538,602.609375,80289.65909090907,54.787499999999994,13.0,38273.46875,154104284835.96152,0.09584615384615384,1354.7596153846152,439.859375,0.07168269230769231,0.8153846153846154,0.2148317307692308,87.19230769230771,79.88461538461539,1.0153846153846156,0.21853846153846154,0.7355865384615383,0.11884615384615384,29535900.951923076,0.9313846153846155,4559480769.230768,2539649737.762238,0
India,0.023,675.25,133280.0227272727,54.787499999999994,131.0,63745.03125,254958485073.5769,0.09476923076923077,825.625,439.859375,0.07168269230769231,0.03076923076923077,0.2148317307692308,87.19230769230771,79.88461538461539,0.23846153846153845,0.318,0.7355865384615383,0.047846153846153844,48565704.70192307,0.29584615384615387,7538134615.384614,4197872290.2097907,1
Indonesia,0.020692307692307694,602.609375,133280.0227272727,82.0625,116.0,63745.03125,254958485073.5769,0.09476923076923077,825.625,439.859375,0.07168269230769231,0.04615384615384616,0.2148317307692308,87.19230769230771,79.88461538461539,0.4230769230769231,0.3000769230769231,0.7355865384615383,0.04892307692307692,48565704.70192307,0.4673076923076923,6297923076.923077,4197872290.2097907,1
IranIslamicRep,0.01853846153846154,602.609375,133280.0227272727,54.787499999999994,152.0,63745.03125,254958485073.5769,0.09476923076923077,825.625,439.859375,0.07168269230769231,0.1,0.2148317307692308,87.19230769230771,79.88461538461539,0.3384615384615385,0.2675384615384615,0.7355865384615383,0.048692307692307694,48565704.70192307,0.680923076923077,4559480769.230768,4197872290.2097907,1
Iraq,0.033846153846153845,602.609375,94832.63636363637,54.787499999999994,155.0,38273.46875,154104284835.96152,0.09476923076923077,825.625,439.859375,0.07168269230769231,0.016666666666666666,0.2148317307692308,87.19230769230771,79.88461538461539,0.41818181818181815,0.4178461538461538,0.7355865384615383,0.03430769230769231,29535900.951923076,0.6883076923076923,4559480769.230768,2539649737.762238,0
Ireland,0.015615384615384616,602.609375,80289.65909090907,54.787499999999994,15.0,38273.46875,191613750646.69232,0.09476923076923077,1354.7596153846152,439.859375,0.07168269230769231,0.5,0.2148317307692308,87.19230769230771,79.88461538461539,0.9923076923076923,0.21092307692307694,0.7355865384615383,0.11223076923076923,29535900.951923076,0.6074615384615385,7055692307.692307,4197872290.2097907,2
IsleofMan,0.011000000000000001,602.609375,80289.65909090907,54.787499999999994,0.0,38273.46875,154104284835.96152,0.09476923076923077,825.625,439.859375,0.07168269230769231,0.0,0.2148317307692308,87.19230769230771,79.88461538461539,0.0,0.0,0.7355865384615383,0.0,29535900.951923076,0.5192307692307693,4559480769.230768,2539649737.762238,0
Israel,0.021461538461538462,602.609375,80289.65909090907,54.787499999999994,33.0,38273.46875,171722846634.84616,0.09476923076923077,1354.7596153846152,439.859375,0.07168269230769231,0.41538461538461535,0.2148317307692308,87.19230769230771,80.15384615384616,1.1153846153846154,0.27669230769230774,0.7355865384615383,0.10184615384615385,29535900.951923076,0.9157692307692309,4559480769.230768,4148230769.230769,0
Italy,0.009538461538461539,713.625,133280.0227272727,54.787499999999994,67.0,63745.03125,254958485073.5769,0.09476923076923077,1354.7596153846152,439.859375,0.07168269230769231,0.3923076923076923,0.2148317307692308,87.19230769230771,79.88461538461539,1.2615384615384615,0.14107692307692307,0.7355865384615383,0.1964615384615385,48565704.70192307,0.6786153846153847,7538134615.384614,4197872290.2097907,1
Jamaica,0.016846153846153848,602.609375,80289.65909090907,54.787499999999994,91.0,38273.46875,154104284835.96152,0.09476923076923077,825.625,439.859375,0.07168269230769231,0.16923076923076924,0.2148317307692308,87.19230769230771,79.88461538461539,0.7692307692307693,0.3058461538461538,0.7355865384615383,0.07699999999999999,29535900.951923076,0.5299230769230769,4559480769.230768,2539649737.762238,0
Japan,0.008769230769230769,602.609375,133280.0227272727,54.787499999999994,23.0,63745.03125,254958485073.5769,0.09476923076923077,1354.7596153846152,439.859375,0.07168269230769231,0.6538461538461539,0.2148317307692308,87.19230769230771,79.88461538461539,0.8,0.13753846153846155,0.7355865384615383,0.20569230769230767,48565704.70192307,0.8625384615384616,7538134615.384614,4197872290.2097907,1
Jordan,0.02976923076923077,602.609375,80289.65909090907,54.787499999999994,119.0,38273.46875,154104284835.96152,0.09476923076923077,825.625,439.859375,0.07168269230769231,0.16923076923076924,0.2148317307692308,87.19230769230771,79.88461538461539,0.6615384615384615,0.37100000000000005,0.7355865384615383,0.032538461538461544,29535900.951923076,0.8142307692307693,4559480769.230768,2539649737.762238,0
Kazakhstan,0.01946153846153846,602.609375,133280.0227272727,54.787499999999994,53.0,55674.416666666664,154104284835.96152,0.09476923076923077,825.625,439.859375,0.07168269230769231,0.12307692307692308,0.2148317307692308,87.19230769230771,79.88461538461539,0.6846153846153846,0.2540769230769231,0.7355865384615383,0.07076923076923078,29535900.951923076,0.5452307692307693,4559480769.230768,2539649737.762238,0
Kenya,0.038,602.609375,80289.65909090907,54.787499999999994,122.0,38273.46875,154104284835.96152,0.09476923076923077,825.625,439.859375,0.07168269230769231,0.08461538461538462,0.2148317307692308,87.19230769230771,79.88461538461539,0.2769230769230769,0.42953846153846154,0.7355865384615383,0.02692307692307692,36935407.615384616,0.22076923076923077,4559480769.230768,2539649737.762238,0
Kiribati,0.025,602.609375,80289.65909090907,54.787499999999994,117.0,38273.46875,154104284835.96152,0.1046923076923077,825.625,439.859375,0.07168269230769231,0.04615384615384616,0.2148317307692308,87.19230769230771,79.88461538461539,0.038461538461538464,0.3628461538461539,0.7355865384615383,0.03669230769230769,29535900.951923076,0.4359230769230769,4559480769.230768,2539649737.762238,0
KoreaDemRep,0.015461538461538462,602.609375,80289.65909090907,54.787499999999994,0.0,38273.46875,154104284835.96152,0.09476923076923077,825.625,439.859375,0.07168269230769231,0.0,0.2148317307692308,87.19230769230771,79.88461538461539,0.025,0.24169230769230768,0.7355865384615383,0.07646153846153846,29535900.951923076,0.5988461538461538,4559480769.230768,2539649737.762238,0
KoreaRep,0.009923076923076923,602.609375,133280.0227272727,54.787499999999994,6.0,63745.03125,254958485073.5769,0.09476923076923077,1073.6153846153845,439.859375,0.07168269230769231,0.7153846153846154,0.2148317307692308,87.19230769230771,79.88461538461539,0.8615384615384615,0.18346153846153845,0.7355865384615383,0.09607692307692309,48486079.692307696,0.8118461538461539,7538134615.384614,4197872290.2097907,1
Kosovo,0.019692307692307693,602.609375,80289.65909090907,55.0,96.0,38273.46875,154104284835.96152,0.09476923076923077,825.625,439.859375,0.07168269230769231,0.0,0.2148317307692308,87.19230769230771,79.88461538461539,0.0,0.275,0.7355865384615383,0.067,29535900.951923076,0.0,4559480769.230768,2539649737.762238,0
Kuwait,0.02153846153846154,602.609375,80289.65909090907,54.787499999999994,101.0,38273.46875,154104284835.96152,0.09476923076923077,953.5384615384615,439.859375,0.07168269230769231,0.34615384615384615,0.2148317307692308,87.19230769230771,79.88461538461539,0.8076923076923077,0.2541538461538462,0.7355865384615383,0.02846153846153846,29535900.951923076,0.982,4559480769.230768,4197872290.2097907,0
KyrgyzRepublic,0.023076923076923075,602.609375,80289.65909090907,54.787499999999994,70.0,38273.46875,154104284835.96152,0.09476923076923077,825.625,439.859375,0.07168269230769231,0.1076923076923077,0.2806923076923077,87.19230769230771,79.88461538461539,0.4461538461538461,0.3156153846153846,0.7355865384615383,0.05123076923076923,29535900.951923076,0.35307692307692307,4559480769.230768,2539649737.762238,0
LaoPDR,0.02876923076923077,602.609375,80289.65909090907,82.0625,163.0,38273.46875,154104284835.96152,0.09476923076923077,825.625,503.0,0.07168269230769231,0.03076923076923077,0.27636363636363637,87.19230769230771,79.88461538461539,0.25384615384615383,0.3960769230769231,0.7355865384615383,0.037,29535900.951923076,0.2857692307692308,4559480769.230768,2539649737.762238,0
Latvia,0.009538461538461539,602.609375,80289.65909090907,54.787499999999994,24.0,38273.46875,154104284835.96152,0.09476923076923077,825.625,439.859375,0.07168269230769231,0.46923076923076923,0.2148317307692308,87.19230769230771,79.88461538461539,0.8,0.15176923076923077,0.7355865384615383,0.17184615384615384,29535900.951923076,0.6784615384615384,4559480769.230768,2539649737.762238,0
Lebanon,0.014692307692307692,602.609375,80289.65909090907,54.787499999999994,105.0,38273.46875,154104284835.96152,0.09476923076923077,825.625,439.859375,0.07168269230769231,0.23076923076923078,0.2148317307692308,87.19230769230771,79.88461538461539,0.38461538461538464,0.26346153846153847,0.7355865384615383,0.0776923076923077,29535900.951923076,0.8670000000000001,5414846153.846154,3967363636.3636365,0
Lesotho,0.029,602.609375,80289.65909090907,61.4,139.0,38273.46875,154104284835.96152,0.09476923076923077,825.625,439.859375,0.08069230769230769,0.0,0.2148317307692308,87.19230769230771,79.88461538461539,0.25384615384615383,0.39184615384615384,0.7355865384615383,0.04461538461538461,29535900.951923076,0.22715384615384615,4559480769.230768,2539649737.762238,0
Liberia,0.039538461538461536,602.609375,80289.65909090907,54.787499999999994,149.0,38273.46875,154104284835.96152,0.09953846153846155,825.625,439.859375,0.08146153846153846,0.0,0.2148317307692308,87.19230769230771,79.88461538461539,0.1769230769230769,0.4327692307692308,0.7355865384615383,0.03053846153846154,29535900.951923076,0.4640769230769231,4559480769.230768,2539649737.762238,0
Libya,0.022384615384615385,602.609375,80289.65909090907,54.787499999999994,188.0,38273.46875,154104284835.96152,0.09476923076923077,825.625,647.765625,0.07168269230769231,0.03333333333333333,0.2148317307692308,87.19230769230771,79.88461538461539,0.7615384615384616,0.3067692307692308,0.7355865384615383,0.04315384615384615,29535900.951923076,0.7707692307692308,4559480769.230768,2539649737.762238,0
Liechtenstein,0.010769230769230769,602.609375,80289.65909090907,54.787499999999994,0.0,38273.46875,154104284835.96152,0.09476923076923077,825.625,439.859375,0.07168269230769231,0.6692307692307692,0.2148317307692308,87.19230769230771,79.88461538461539,0.7538461538461539,0.0,0.7355865384615383,0.0,29535900.951923076,0.147,4559480769.230768,2539649737.762238,0
Lithuania,0.010076923076923077,602.609375,80289.65909090907,54.787499999999994,25.0,38273.46875,154104284835.96152,0.09476923076923077,825.625,439.859375,0.07168269230769231,0.4153846153846154,0.2148317307692308,87.19230769230771,79.88461538461539,1.146153846153846,0.16807692307692307,0.7355865384615383,0.1503846153846154,29535900.951923076,0.6675384615384616,4559480769.230768,2539649737.762238,0
Luxembourg,0.01176923076923077,602.609375,80289.65909090907,54.787499999999994,56.0,38273.46875,154104284835.96152,0.09476923076923077,1354.7596153846152,439.859375,0.07168269230769231,0.676923076923077,0.2148317307692308,87.19230769230771,79.88461538461539,1.2461538461538462,0.18315384615384614,0.7355865384615383,0.14207692307692307,29535900.951923076,0.8690769230769231,4559480769.230768,2929846153.8461537,0
MacaoSARChina,0.008615384615384615,602.609375,80289.65909090907,54.787499999999994,0.0,38273.46875,154104284835.96152,0.09476923076923077,825.625,439.859375,0.07168269230769231,0.4076923076923077,0.2148317307692308,87.19230769230771,79.88461538461539,1.4076923076923078,0.16676923076923078,0.7600769230769231,0.07315384615384615,29535900.951923076,1.0,7538134615.384614,2539649737.762238,0
MacedoniaFYR,0.01146153846153846,602.609375,80289.65909090907,54.787499999999994,36.0,38273.46875,154104284835.96152,0.09476923076923077,825.625,439.859375,0.07168269230769231,0.33076923076923076,0.2148317307692308,87.19230769230771,79.88461538461539,0.6384615384615385,0.19369230769230766,0.7355865384615383,0.11161538461538462,29535900.951923076,0.5751538461538461,4559480769.230768,2539649737.762238,0
Madagascar,0.03746153846153846,602.609375,80289.65909090907,54.787499999999994,144.0,38273.46875,154104284835.96152,0.09476923076923077,825.625,439.859375,0.07168269230769231,0.0,0.32580288461538465,87.19230769230771,79.88461538461539,0.14615384615384616,0.444,0.7355865384615383,0.029,29535900.951923076,0.29707692307692307,4559480769.230768,2539649737.762238,0
Malawi,0.04230769230769231,602.609375,80289.65909090907,54.787499999999994,161.0,38273.46875,154104284835.96152,0.09476923076923077,825.625,439.859375,0.07168269230769231,0.0,0.32580288461538465,87.19230769230771,79.88461538461539,0.0923076923076923,0.4593076923076923,0.7355865384615383,0.030461538461538464,29535900.951923076,0.1516153846153846,4559480769.230768,2539649737.762238,0
Malaysia,0.019230769230769232,602.609375,133280.0227272727,54.787499999999994,8.0,62441.0,176708745156.6154,0.09476923076923077,825.625,439.859375,0.07168269230769231,0.4846153846153846,0.2148317307692308,87.19230769230771,79.88461538461539,0.7923076923076924,0.29846153846153844,0.7355865384615383,0.044538461538461534,29535900.951923076,0.674,7538134615.384614,4197872290.2097907,0
Maldives,0.022076923076923074,602.609375,80289.65909090907,54.787499999999994,81.0,38273.46875,154104284835.96152,0.09476923076923077,825.625,439.859375,0.07168269230769231,0.16153846153846155,0.2148317307692308,87.19230769230771,79.88461538461539,0.8461538461538461,0.3402307692307692,0.7355865384615383,0.04576923076923077,29535900.951923076,0.3503076923076923,4559480769.230768,2539649737.762238,0
Mali,0.04792307692307692,602.609375,80289.65909090907,54.787499999999994,153.0,38273.46875,154104284835.96152,0.09476923076923077,825.625,439.859375,0.09538461538461539,0.0,0.2148317307692308,87.19230769230771,79.88461538461539,0.25384615384615383,0.46453846153846157,0.7355865384615383,0.03084615384615385,29535900.951923076,0.32892307692307693,4559480769.230768,2539649737.762238,0
Malta,0.009923076923076923,602.609375,80289.65909090907,54.787499999999994,100.0,38273.46875,154104284835.96152,0.09476923076923077,1354.1538461538462,439.859375,0.07168269230769231,0.43076923076923074,0.2148317307692308,87.19230769230771,79.88461538461539,0.8384615384615385,0.17292307692307693,0.7355865384615383,0.1326923076923077,29535900.951923076,0.938,4559480769.230768,2539649737.762238,0
MarshallIslands,0.035,648.0,80289.65909090907,54.787499999999994,110.0,38273.46875,154104284835.96152,0.1318076923076923,825.625,439.859375,0.07168269230769231,0.03076923076923077,0.2148317307692308,87.19230769230771,79.88461538461539,0.0,0.0,0.7355865384615383,0.0,29535900.951923076,0.7017692307692307,4559480769.230768,2539649737.762238,0
Mauritania,0.03646153846153846,822.703125,80289.65909090907,54.787499999999994,171.0,38273.46875,154104284835.96152,0.09476923076923077,825.625,647.765625,0.07315384615384615,0.007692307692307693,0.2148317307692308,87.19230769230771,79.88461538461539,0.40769230769230774,0.41407692307692306,0.7355865384615383,0.031461538461538464,29535900.951923076,0.5376153846153846,4559480769.230768,2539649737.762238,0
Mauritius,0.014153846153846154,602.609375,80289.65909090907,54.787499999999994,20.0,38273.46875,154104284835.96152,0.09476923076923077,825.625,439.859375,0.07168269230769231,0.2,0.2148317307692308,87.19230769230771,79.88461538461539,0.6461538461538462,0.23299999999999998,0.7355865384615383,0.06992307692307692,29535900.951923076,0.41423076923076924,4559480769.230768,2539649737.762238,0
Mexico,0.021384615384615387,602.609375,133280.0227272727,54.787499999999994,51.0,63745.03125,254958485073.5769,0.09476923076923077,825.625,468.875,0.07168269230769231,0.2076923076923077,0.2148317307692308,87.19230769230771,79.88461538461539,0.5,0.3173076923076923,0.7355865384615383,0.055,48565704.70192307,0.7658461538461538,7538134615.384614,4197872290.2097907,1
MicronesiaFedSts,0.026000000000000002,602.609375,80289.65909090907,54.787499999999994,150.0,38273.46875,154104284835.96152,0.11284615384615385,825.625,439.859375,0.07168269230769231,0.12307692307692308,0.2148317307692308,87.19230769230771,79.88461538461539,0.20909090909090908,0.383,0.7355865384615383,0.03892307692307692,29535900.951923076,0.223,4559480769.230768,2539649737.762238,0
Moldova,0.012,602.609375,80289.65909090907,54.787499999999994,86.0,38273.46875,154104284835.96152,0.09853846153846155,825.625,439.859375,0.07168269230769231,0.17692307692307693,0.2148317307692308,87.19230769230771,79.88461538461539,0.43076923076923074,0.19053846153846152,0.7355865384615383,0.10953846153846153,29535900.951923076,0.4524615384615385,4559480769.230768,2539649737.762238,0
Monaco,0.0,602.609375,80289.65909090907,54.787499999999994,0.0,38273.46875,154104284835.96152,0.09476923076923077,1354.7596153846152,439.859375,0.07168269230769231,0.6230769230769231,0.2148317307692308,87.19230769230771,79.88461538461539,0.5769230769230769,0.0,0.7355865384615383,0.0,29535900.951923076,1.0,4559480769.230768,2539649737.762238,0
Mongolia,0.021,602.609375,80289.65909090907,54.787499999999994,80.0,38273.46875,154104284835.96152,0.09476923076923077,825.625,439.859375,0.07168269230769231,0.07777777777777778,0.269,87.19230769230771,79.88461538461539,0.4846153846153846,0.2937692307692308,0.7355865384615383,0.03746153846153846,29535900.951923076,0.6344615384615384,4559480769.230768,2539649737.762238,0
Montenegro,0.012615384615384615,602.609375,80289.65909090907,54.787499999999994,50.0,38273.46875,154104284835.96152,0.09476923076923077,825.625,439.859375,0.07168269230769231,0.36666666666666664,0.2148317307692308,87.19230769230771,79.88461538461539,1.511111111111111,0.20076923076923076,0.7355865384615383,0.12461538461538463,29535900.951923076,0.6192307692307693,4559480769.230768,2539649737.762238,0
Morocco,0.02107692307692308,602.609375,80289.65909090907,54.787499999999994,95.0,38273.46875,154104284835.96152,0.09476923076923077,825.625,439.859375,0.07168269230769231,0.23076923076923078,0.2148317307692308,87.19230769230771,79.88461538461539,0.5692307692307692,0.304,0.7355865384615383,0.04930769230769231,30471365.307692308,0.557923076923077,6154692307.692307,2539649737.762238,0
Mozambique,0.04276923076923077,602.609375,80289.65909090907,69.2,142.0,38273.46875,154104284835.96152,0.09476923076923077,825.625,439.859375,0.08746153846153847,0.0,0.2148317307692308,87.19230769230771,79.88461538461539,0.13076923076923078,0.448,0.7355865384615383,0.03207692307692308,29535900.951923076,0.3020769230769231,4559480769.230768,2539649737.762238,0
Myanmar,0.018923076923076924,602.609375,80289.65909090907,72.0,182.0,38273.46875,154104284835.96152,0.09476923076923077,825.625,439.859375,0.07168269230769231,0.0,0.2148317307692308,87.19230769230771,79.88461538461539,0.007692307692307693,0.27799999999999997,0.7355865384615383,0.04953846153846154,48565704.70192307,0.2953076923076923,4559480769.230768,2539649737.762238,0
Namibia,0.028846153846153848,602.609375,80289.65909090907,78.9,94.0,38273.46875,154104284835.96152,0.09476923076923077,825.625,439.859375,0.07168269230769231,0.038461538461538464,0.2148317307692308,87.19230769230771,79.88461538461539,0.4230769230769231,0.39061538461538464,0.7355865384615383,0.033615384615384616,29535900.951923076,0.3772307692307692,4559480769.230768,2539649737.762238,0
Nepal,0.027076923076923075,602.609375,80289.65909090907,54.787499999999994,103.0,38273.46875,154104284835.96152,0.09476923076923077,825.625,439.859375,0.07168269230769231,0.02307692307692308,0.2148317307692308,87.19230769230771,79.88461538461539,0.14615384615384613,0.3867692307692308,0.7355865384615383,0.04469230769230769,29535900.951923076,0.1553076923076923,4559480769.230768,2539649737.762238,0
Netherlands,0.011692307692307693,602.609375,133280.0227272727,54.787499999999994,30.0,63745.03125,254958485073.5769,0.10515384615384615,1354.7596153846152,439.859375,0.07168269230769231,0.7538461538461539,0.2148317307692308,87.19230769230771,79.88461538461539,1.0307692307692309,0.181,0.7355865384615383,0.14507692307692308,29535900.951923076,0.8317692307692308,7538134615.384614,4197872290.2097907,1
NewCaledonia,0.017538461538461537,602.609375,80289.65909090907,54.787499999999994,0.0,38273.46875,154104284835.96152,0.09476923076923077,825.625,439.859375,0.07168269230769231,0.3230769230769231,0.2148317307692308,87.19230769230771,79.88461538461539,0.6307692307692307,0.25946153846153847,0.7355865384615383,0.07715384615384616,29535900.951923076,0.6484615384615384,4559480769.230768,2539649737.762238,0
NewZealand,0.014307692307692308,602.609375,80289.65909090907,54.787499999999994,3.0,38273.46875,154104284835.96152,0.09476923076923077,1354.7596153846152,439.859375,0.07168269230769231,0.6692307692307692,0.2148317307692308,87.19230769230771,79.88461538461539,0.8615384615384616,0.21384615384615382,0.7355865384615383,0.12361538461538461,29535900.951923076,0.8603846153846154,4559480769.230768,2539649737.762238,0
Nicaragua,0.02530769230769231,639.875,80289.65909090907,54.787499999999994,123.0,38273.46875,154104284835.96152,0.09476923076923077,825.625,439.859375,0.07168269230769231,0.038461538461538464,0.2148317307692308,87.19230769230771,79.88461538461539,0.36153846153846153,0.3710769230769231,0.7355865384615383,0.042,29535900.951923076,0.5622307692307692,4559480769.230768,2539649737.762238,0
Niger,0.051153846153846154,602.609375,80289.65909090907,54.787499999999994,174.0,38273.46875,154104284835.96152,0.09476923076923077,825.625,439.859375,0.07984615384615384,0.0,0.2148317307692308,87.19230769230771,79.88461538461539,0.0923076923076923,0.491,0.7355865384615383,0.025384615384615387,29535900.951923076,0.1696923076923077,4559480769.230768,2539649737.762238,0
Nigeria,0.04238461538461539,602.609375,90228.54545454546,54.787499999999994,138.0,63745.03125,180815607491.92307,0.09476923076923077,825.625,647.765625,0.09423076923076924,0.10769230769230768,0.2148317307692308,87.19230769230771,79.88461538461539,0.26153846153846155,0.4371538461538461,0.7355865384615383,0.027307692307692307,48565704.70192307,0.39984615384615385,4559480769.230768,4197872290.2097907,2
Norway,0.012461538461538461,602.609375,80289.65909090907,54.787499999999994,7.0,38273.46875,254958485073.5769,0.09707692307692307,1354.7596153846152,439.859375,0.07168269230769231,0.8,0.2148317307692308,87.19230769230771,79.88461538461539,1.0,0.194,0.7355865384615383,0.1493846153846154,29535900.951923076,0.7794615384615385,4559480769.230768,4197872290.2097907,1
Oman,0.022230769230769228,602.609375,80289.65909090907,54.787499999999994,44.0,38273.46875,154104284835.96152,0.09476923076923077,825.625,439.859375,0.07168269230769231,0.21538461538461537,0.2148317307692308,87.19230769230771,79.88461538461539,0.8153846153846154,0.3249230769230769,0.7355865384615383,0.02476923076923077,29535900.951923076,0.7327692307692307,4559480769.230768,2539649737.762238,0
Pakistan,0.028,602.609375,133280.0227272727,54.787499999999994,106.0,63745.03125,154104284835.96152,0.09476923076923077,825.625,560.0,0.07907692307692307,0.08333333333333333,0.2148317307692308,87.19230769230771,79.88461538461539,0.2846153846153846,0.37753846153846154,0.7355865384615383,0.04161538461538462,48565704.70192307,0.3516153846153846,4559480769.230768,2539649737.762238,0
Panama,0.02184615384615385,602.609375,80289.65909090907,54.787499999999994,61.0,38273.46875,154104284835.96152,0.09476923076923077,825.625,495.125,0.07168269230769231,0.22307692307692312,0.2148317307692308,87.19230769230771,79.88461538461539,0.8538461538461538,0.3043076923076923,0.7355865384615383,0.062384615384615386,29535900.951923076,0.6396153846153846,4559480769.230768,2539649737.762238,0
PapuaNewGuinea,0.032230769230769236,602.609375,80289.65909090907,54.787499999999994,108.0,38273.46875,154104284835.96152,0.09476923076923077,825.625,439.859375,0.07168269230769231,0.0,0.2148317307692308,87.19230769230771,79.88461538461539,0.1,0.3964615384615385,0.7355865384615383,0.026538461538461535,29535900.951923076,0.13092307692307692,4559480769.230768,2539649737.762238,0
Paraguay,0.025692307692307695,602.609375,80289.65909090907,54.787499999999994,107.0,38273.46875,154104284835.96152,0.09476923076923077,825.625,439.859375,0.07168269230769231,0.1,0.29,87.19230769230771,79.88461538461539,0.5846153846153845,0.3538461538461538,0.7355865384615383,0.048615384615384616,29535900.951923076,0.5746923076923077,4559480769.230768,2539649737.762238,0
Peru,0.02184615384615385,602.609375,80289.65909090907,62.4,39.0,38273.46875,154104284835.96152,0.09476923076923077,825.625,439.859375,0.07168269230769231,0.21538461538461537,0.2272307692307692,87.19230769230771,79.88461538461539,0.46923076923076923,0.3162307692307692,0.7355865384615383,0.05523076923076923,29535900.951923076,0.7537692307692307,4559480769.230768,2539649737.762238,0
Philippines,0.02692307692307692,602.609375,80289.65909090907,54.787499999999994,133.0,39092.25,154104284835.96152,0.09476923076923077,825.625,439.859375,0.07168269230769231,0.12307692307692308,0.2148317307692308,87.19230769230771,79.88461538461539,0.5615384615384615,0.3664615384615385,0.7355865384615383,0.035,48565704.70192307,0.4634615384615385,4559480769.230768,2816307692.3076925,0
Poland,0.01,602.609375,133280.0227272727,54.787499999999994,48.0,63745.03125,254958485073.5769,0.09476923076923077,825.625,439.859375,0.07168269230769231,0.3923076923076923,0.2148317307692308,87.19230769230771,79.88461538461539,0.8615384615384615,0.16446153846153846,0.7355865384615383,0.13184615384615384,38237092.92307692,0.6131538461538462,7538134615.384614,4197872290.2097907,1
Portugal,0.010153846153846154,602.609375,80289.65909090907,54.787499999999994,29.0,38273.46875,192895320255.69232,0.09953846153846155,1354.7596153846152,439.859375,0.07168269230769231,0.38461538461538464,0.2148317307692308,87.19230769230771,79.88461538461539,1.0538461538461539,0.15515384615384614,0.7355865384615383,0.17307692307692307,29535900.951923076,0.5812307692307692,7538134615.384614,3931307692.3076925,2
PuertoRico,0.012692307692307694,602.609375,80289.65909090907,54.787499999999994,37.0,38273.46875,154104284835.96152,0.09476923076923077,825.625,439.859375,0.07168269230769231,0.3230769230769231,0.2148317307692308,87.19230769230771,79.88461538461539,0.5923076923076923,0.21776923076923077,0.7355865384615383,0.1233846153846154,29535900.951923076,0.9405384615384615,4559480769.230768,2539649737.762238,0
Qatar,0.014615384615384615,602.609375,80289.65909090907,54.787499999999994,45.0,38273.46875,154104284835.96152,0.09476923076923077,1354.7596153846152,439.859375,0.07168269230769231,0.34615384615384615,0.2148317307692308,87.19230769230771,79.88461538461539,0.8692307692307693,0.20453846153846156,0.7823076923076923,0.013230769230769232,29535900.951923076,0.9768461538461538,4559480769.230768,2920333333.3333335,0
Romania,0.01023076923076923,602.609375,92918.18181818182,54.787499999999994,73.0,38273.46875,154104284835.96152,0.09476923076923077,825.625,439.859375,0.07168269230769231,0.23846153846153847,0.2326153846153846,87.19230769230771,79.88461538461539,0.6923076923076923,0.15953846153846152,0.7355865384615383,0.1453846153846154,29535900.951923076,0.5336153846153846,4559480769.230768,2539649737.762238,0
RussianFederation,0.010923076923076923,602.609375,133280.0227272727,54.787499999999994,111.0,63745.03125,254958485073.5769,0.09476923076923077,825.625,439.859375,0.07168269230769231,0.22307692307692306,0.2148317307692308,87.19230769230771,79.88461538461539,0.8846153846153846,0.15692307692307692,0.7355865384615383,0.13253846153846155,48565704.70192307,0.7352307692307692,7538134615.384614,4197872290.2097907,1
Rwanda,0.03823076923076923,602.609375,80289.65909090907,54.787499999999994,54.0,38273.46875,154104284835.96152,0.09476923076923077,825.625,439.859375,0.07168269230769231,0.03333333333333333,0.2148317307692308,87.19230769230771,79.88461538461539,0.12307692307692308,0.4489230769230769,0.7355865384615383,0.02530769230769231,29535900.951923076,0.203,4559480769.230768,2539649737.762238,0
Samoa,0.029,602.609375,80289.65909090907,54.787499999999994,55.0,38273.46875,154104284835.96152,0.09476923076923077,825.625,439.859375,0.07168269230769231,0.038461538461538464,0.2148317307692308,87.19230769230771,79.88461538461539,0.1375,0.39315384615384613,0.7355865384615383,0.04846153846153846,29535900.951923076,0.20969230769230768,4559480769.230768,2539649737.762238,0
SanMarino,0.010222222222222223,602.609375,80289.65909090907,54.787499999999994,74.0,38273.46875,154104284835.96152,0.09476923076923077,1354.7596153846152,439.859375,0.07168269230769231,0.5,0.2148317307692308,87.19230769230771,79.88461538461539,0.7538461538461539,0.0,0.7355865384615383,0.0,29535900.951923076,0.9396923076923076,4559480769.230768,2539649737.762238,0
SaoTomeandPrincipe,0.03692307692307692,602.609375,80289.65909090907,82.0625,166.0,38273.46875,154104284835.96152,0.09476923076923077,825.625,439.859375,0.07168269230769231,0.13076923076923078,0.3169230769230769,87.19230769230771,79.88461538461539,0.29090909090909095,0.422,0.7355865384615383,0.038307692307692306,29535900.951923076,0.5864615384615385,4559480769.230768,2539649737.762238,0
SaudiArabia,0.02292307692307692,602.609375,133280.0227272727,54.787499999999994,22.0,63745.03125,254958485073.5769,0.09476923076923077,825.625,439.859375,0.07168269230769231,0.23846153846153847,0.2148317307692308,87.19230769230771,79.88461538461539,0.9538461538461539,0.33715384615384614,0.7355865384615383,0.031384615384615386,29535900.951923076,0.8119230769230769,6497800000.0,4197872290.2097907,1
Senegal,0.03907692307692308,602.609375,80289.65909090907,54.787499999999994,176.0,38273.46875,154104284835.96152,0.09476923076923077,825.625,647.765625,0.07168269230769231,0.07692307692307693,0.2148317307692308,87.19230769230771,79.88461538461539,0.3153846153846154,0.4413076923076923,0.7355865384615383,0.031461538461538464,29535900.951923076,0.414,4559480769.230768,2539649737.762238,0
Serbia,0.009846153846153846,602.609375,80289.65909090907,54.787499999999994,87.0,38273.46875,154104284835.96152,0.09476923076923077,825.625,439.859375,0.07168269230769231,0.35555555555555557,0.2148317307692308,87.19230769230771,79.88461538461539,1.0222222222222221,0.18046153846153848,0.7355865384615383,0.137,29535900.951923076,0.5455384615384615,4559480769.230768,2539649737.762238,0
Seychelles,0.018076923076923077,602.609375,80289.65909090907,54.787499999999994,77.0,38273.46875,154104284835.96152,0.09476923076923077,825.625,439.859375,0.07168269230769231,0.2833333333333334,0.2148317307692308,87.19230769230771,79.88461538461539,0.8692307692307693,0.24353846153846154,0.7355865384615383,0.07684615384615384,29535900.951923076,0.5136923076923077,4559480769.230768,2539649737.762238,0
SierraLeone,0.04084615384615385,822.703125,80289.65909090907,54.787499999999994,137.0,38273.46875,154104284835.96152,0.1318076923076923,825.625,439.859375,0.11577884615384616,0.0,0.2296153846153846,87.19230769230771,79.88461538461539,0.16,0.4250769230769231,0.7355865384615383,0.024846153846153848,29535900.951923076,0.37161538461538457,4559480769.230768,2539649737.762238,0
Singapore,0.010384615384615384,602.609375,80289.65909090907,54.787499999999994,1.0,38273.46875,163498177732.69232,0.09476923076923077,1290.076923076923,439.859375,0.07168269230769231,0.6,0.2148317307692308,87.19230769230771,79.88461538461539,1.1076923076923078,0.189,0.7355865384615383,0.08376923076923076,29535900.951923076,1.0,7538134615.384614,4197872290.2097907,0
SintMaartenDutchpart,0.013,602.609375,80289.65909090907,54.787499999999994,0.0,38273.46875,154104284835.96152,0.09476923076923077,825.625,439.859375,0.07168269230769231,0.0,0.2148317307692308,87.19230769230771,79.88461538461539,0.0,0.0,0.7355865384615383,0.0,29535900.951923076,1.0,4559480769.230768,2539649737.762238,0
SlovakRepublic,0.010307692307692308,602.609375,80289.65909090907,54.787499999999994,43.0,38273.46875,154104284835.96152,0.09476923076923077,856.3846153846154,439.859375,0.07168269230769231,0.5384615384615384,0.2148317307692308,87.19230769230771,79.88461538461539,0.8230769230769232,0.1673076923076923,0.7355865384615383,0.11884615384615384,29535900.951923076,0.5536153846153847,4559480769.230768,2539649737.762238,0
Slovenia,0.009846153846153846,602.609375,80289.65909090907,54.787499999999994,31.0,38273.46875,154104284835.96152,0.09476923076923077,1354.7596153846152,439.859375,0.07168269230769231,0.4923076923076923,0.2148317307692308,87.19230769230771,79.88461538461539,0.9153846153846155,0.14461538461538462,0.7355865384615383,0.15707692307692306,29535900.951923076,0.5038461538461538,4559480769.230768,2539649737.762238,0
SolomonIslands,0.034,602.609375,80289.65909090907,54.787499999999994,92.0,38273.46875,154104284835.96152,0.09476923076923077,825.625,439.859375,0.07168269230769231,0.02307692307692308,0.2148317307692308,87.19230769230771,79.88461538461539,0.11538461538461539,0.4119230769230769,0.7355865384615383,0.030615384615384617,29535900.951923076,0.18307692307692308,4559480769.230768,2539649737.762238,0
Somalia,0.046538461538461535,602.609375,80289.65909090907,54.787499999999994,0.0,38273.46875,154104284835.96152,0.09476923076923077,825.625,439.859375,0.10192307692307692,0.0,0.2148317307692308,87.19230769230771,79.88461538461539,0.08461538461538462,0.4759230769230769,0.7355865384615383,0.02869230769230769,29535900.951923076,0.35630769230769227,4559480769.230768,2539649737.762238,0
SouthAfrica,0.022615384615384614,602.609375,133280.0227272727,54.787499999999994,41.0,63745.03125,250212724359.92307,0.09476923076923077,825.625,439.859375,0.07168269230769231,0.14615384615384616,0.2148317307692308,87.19230769230771,79.88461538461539,0.7076923076923076,0.30815384615384617,0.7355865384615383,0.045,48269324.615384616,0.6006923076923076,7538134615.384614,4197872290.2097907,1
SouthSudan,0.039384615384615386,602.609375,80289.65909090907,54.787499999999994,184.0,38273.46875,154104284835.96152,0.09476923076923077,825.625,439.859375,0.08492307692307693,0.0,0.2148317307692308,87.19230769230771,79.88461538461539,0.2,0.4369230769230769,0.7355865384615383,0.032538461538461544,29535900.951923076,0.17315384615384616,4559480769.230768,2539649737.762238,0
Spain,0.010461538461538463,602.609375,133280.0227272727,56.6,46.0,63745.03125,254958485073.5769,0.09476923076923077,1354.7596153846152,439.859375,0.07168269230769231,0.47692307692307695,0.2148317307692308,87.19230769230771,79.88461538461539,0.9615384615384616,0.14707692307692308,0.7355865384615383,0.1696923076923077,44095038.615384616,0.7750769230769231,7538134615.384614,4197872290.2097907,1
SriLanka,0.018615384615384614,708.0,80289.65909090907,54.787499999999994,83.0,38273.46875,154104284835.96152,0.09476923076923077,825.625,439.859375,0.07168269230769231,0.05384615384615385,0.2148317307692308,87.19230769230771,79.88461538461539,0.38461538461538464,0.2557692307692308,0.7355865384615383,0.07176923076923078,29535900.951923076,0.18361538461538462,4559480769.230768,2539649737.762238,0
StKittsandNevis,0.017,602.609375,80289.65909090907,54.787499999999994,97.0,38273.46875,154104284835.96152,0.09476923076923077,825.625,439.859375,0.07168269230769231,0.4461538461538461,0.2148317307692308,87.19230769230771,79.88461538461539,0.9153846153846155,0.0,0.7355865384615383,0.0,29535900.951923076,0.3209230769230769,4559480769.230768,2539649737.762238,0
StLucia,0.017384615384615384,602.609375,80289.65909090907,54.787499999999994,59.0,38273.46875,154104284835.96152,0.09476923076923077,825.625,439.859375,0.07168269230769231,0.25384615384615383,0.2148317307692308,87.19230769230771,79.88461538461539,0.6923076923076923,0.2796153846153846,0.7355865384615383,0.07784615384615384,29535900.951923076,0.2246153846153846,4559480769.230768,2539649737.762238,0
StMartinFrenchpart,0.017076923076923076,602.609375,80289.65909090907,54.787499999999994,0.0,38273.46875,154104284835.96152,0.09476923076923077,825.625,439.859375,0.07168269230769231,0.0,0.2148317307692308,87.19230769230771,79.88461538461539,0.0,0.0,0.7355865384615383,0.0,29535900.951923076,0.0,4559480769.230768,2539649737.762238,0
StVincentandtheGrenadines,0.018076923076923077,602.609375,80289.65909090907,54.787499999999994,75.0,38273.46875,154104284835.96152,0.09476923076923077,825.625,439.859375,0.07168269230769231,0.2,0.2148317307692308,87.19230769230771,79.88461538461539,0.7538461538461539,0.28284615384615386,0.7355865384615383,0.06976923076923078,29535900.951923076,0.4734615384615385,4559480769.230768,2539649737.762238,0
Sudan,0.03692307692307692,602.609375,80289.65909090907,54.787499999999994,143.0,38273.46875,154104284835.96152,0.09476923076923077,825.625,439.859375,0.07168269230769231,0.07,0.2148317307692308,87.19230769230771,79.88461538461539,0.21538461538461537,0.42838461538461536,0.7355865384615383,0.030692307692307692,32421289.153846152,0.32846153846153847,4559480769.230768,2539649737.762238,0
Suriname,0.02,602.609375,80289.65909090907,82.0625,165.0,38273.46875,154104284835.96152,0.09476923076923077,825.625,439.859375,0.07168269230769231,0.13846153846153847,0.2148317307692308,87.19230769230771,79.88461538461539,0.6846153846153846,0.295,0.7355865384615383,0.06153846153846154,29535900.951923076,0.664923076923077,4559480769.230768,2539649737.762238,0
Swaziland,0.031461538461538464,602.609375,80289.65909090907,58.5,120.0,38273.46875,154104284835.96152,0.09476923076923077,825.625,439.859375,0.07376923076923078,0.05384615384615385,0.2148317307692308,87.19230769230771,79.88461538461539,0.3153846153846154,0.41192307692307695,0.7355865384615383,0.03184615384615385,29535900.951923076,0.2196153846153846,4559480769.230768,2539649737.762238,0
Sweden,0.011384615384615384,602.609375,80289.65909090907,54.787499999999994,14.0,49935.307692307695,254958485073.5769,0.09476923076923077,1354.7596153846152,439.859375,0.07168269230769231,0.7923076923076924,0.2148317307692308,87.19230769230771,79.88461538461539,1.0307692307692309,0.17300000000000001,0.7355865384615383,0.17653846153846153,29535900.951923076,0.8456153846153847,7538134615.384614,4197872290.2097907,1
Switzerland,0.010076923076923077,602.609375,80289.65909090907,54.787499999999994,27.0,38273.46875,254958485073.5769,0.1066923076923077,1354.7596153846152,439.859375,0.07168269230769231,0.7384615384615384,0.2148317307692308,87.19230769230771,79.88461538461539,1.0,0.16053846153846155,0.7355865384615383,0.1616153846153846,29535900.951923076,0.7351538461538462,7538134615.384614,4197872290.2097907,1
SyrianArabRepublic,0.02692307692307692,602.609375,80289.65909090907,54.787499999999994,147.0,38273.46875,154104284835.96152,0.09476923076923077,825.625,439.859375,0.07168269230769231,0.09230769230769233,0.2148317307692308,87.19230769230771,79.88461538461539,0.26153846153846155,0.37946153846153846,0.7355865384615383,0.03530769230769231,29535900.951923076,0.5417692307692308,4559480769.230768,2539649737.762238,0
Tajikistan,0.03076923076923077,822.703125,80289.65909090907,54.787499999999994,141.0,38273.46875,154104284835.96152,0.09476923076923077,825.625,439.859375,0.07168269230769231,0.04615384615384616,0.21484615384615385,87.19230769230771,79.88461538461539,0.3230769230769231,0.38369230769230767,0.7355865384615383,0.035153846153846154,29535900.951923076,0.26476923076923076,4559480769.230768,2539649737.762238,0
Tanzania,0.041461538461538466,602.609375,80289.65909090907,54.787499999999994,136.0,38273.46875,154104284835.96152,0.09476923076923077,825.625,439.859375,0.07168269230769231,0.0,0.2148317307692308,87.19230769230771,79.88461538461539,0.22307692307692306,0.4473846153846154,0.7355865384615383,0.03023076923076923,40326106.692307696,0.256,4559480769.230768,2539649737.762238,0
Thailand,0.012384615384615385,602.609375,133280.0227272727,54.787499999999994,18.0,63745.03125,220490085413.53845,0.09476923076923077,825.625,439.859375,0.07168269230769231,0.16153846153846155,0.2148317307692308,87.19230769230771,79.88461538461539,0.6538461538461539,0.21515384615384617,0.7355865384615383,0.07953846153846154,48565704.70192307,0.38907692307692304,7538134615.384614,4197872290.2097907,2
TimorLeste,0.038153846153846156,602.609375,80289.65909090907,82.0625,167.0,38273.46875,154104284835.96152,0.09476923076923077,825.625,458.0,0.07168269230769231,0.0,0.2148317307692308,87.19230769230771,79.88461538461539,0.21000000000000002,0.4817692307692308,0.7355865384615383,0.028076923076923076,29535900.951923076,0.27176923076923076,4559480769.230768,2539649737.762238,0
Togo,0.03807692307692308,602.609375,80289.65909090907,67.3,159.0,38273.46875,154104284835.96152,0.09476923076923077,825.625,439.859375,0.07168269230769231,0.0,0.2148317307692308,87.19230769230771,79.88461538461539,0.19230769230769232,0.428076923076923,0.7355865384615383,0.02776923076923077,29535900.951923076,0.35669230769230775,4559480769.230768,2539649737.762238,0
Tonga,0.028076923076923076,602.609375,80289.65909090907,54.787499999999994,60.0,38273.46875,154104284835.96152,0.09476923076923077,825.625,439.859375,0.07168269230769231,0.0923076923076923,0.2148317307692308,87.19230769230771,79.88461538461539,0.3,0.3789230769230769,0.7355865384615383,0.059000000000000004,29535900.951923076,0.23215384615384618,4559480769.230768,2539649737.762238,0
TrinidadandTobago,0.015000000000000001,602.609375,80289.65909090907,54.787499999999994,63.0,38273.46875,154104284835.96152,0.09476923076923077,825.625,439.859375,0.07168269230769231,0.3384615384615385,0.2148317307692308,87.19230769230771,79.88461538461539,0.8769230769230768,0.22115384615384615,0.7355865384615383,0.07515384615384615,29535900.951923076,0.09746153846153846,4559480769.230768,2539649737.762238,0
Tunisia,0.017615384615384616,612.25,80289.65909090907,54.787499999999994,49.0,38273.46875,154104284835.96152,0.09476923076923077,825.625,439.859375,0.07168269230769231,0.19230769230769232,0.2148317307692308,87.19230769230771,79.88461538461539,0.6076923076923078,0.2569230769230769,0.7355865384615383,0.06676923076923078,29535900.951923076,0.6510769230769231,4559480769.230768,2539649737.762238,0
Turkey,0.019076923076923078,602.609375,133280.0227272727,54.787499999999994,72.0,63745.03125,254958485073.5769,0.09476923076923077,825.625,439.859375,0.07168269230769231,0.23846153846153847,0.2148317307692308,87.19230769230771,79.88461538461539,0.6692307692307692,0.28215384615384614,0.7355865384615383,0.06676923076923078,48565704.70192307,0.6834615384615385,7538134615.384614,3589615384.6153846,1
Turkmenistan,0.02253846153846154,602.609375,80289.65909090907,54.787499999999994,0.0,38273.46875,154104284835.96152,0.09476923076923077,825.625,439.859375,0.07168269230769231,0.015384615384615385,0.2148317307692308,87.19230769230771,79.88461538461539,0.26153846153846155,0.32069230769230767,0.7355865384615383,0.043461538461538454,29535900.951923076,0.4736153846153846,4559480769.230768,2539649737.762238,0
TurksandCaicosIslands,0.0,602.609375,80289.65909090907,54.787499999999994,0.0,38273.46875,154104284835.96152,0.09476923076923077,825.625,439.859375,0.07168269230769231,0.0,0.2148317307692308,87.19230769230771,79.88461538461539,0.0,0.0,0.7355865384615383,0.0,29535900.951923076,0.8813076923076923,4559480769.230768,2539649737.762238,0
Uganda,0.04623076923076923,602.609375,80289.65909090907,54.787499999999994,126.0,38273.46875,154104284835.96152,0.09476923076923077,825.625,439.859375,0.07168269230769231,0.038461538461538464,0.2148317307692308,87.19230769230771,79.88461538461539,0.16923076923076924,0.4914615384615385,0.7355865384615383,0.02523076923076923,29938600.46153846,0.13407692307692307,4559480769.230768,2539649737.762238,0
Ukraine,0.00976923076923077,602.609375,133280.0227272727,54.787499999999994,140.0,63745.03125,154104284835.96152,0.09476923076923077,825.625,647.765625,0.07168269230769231,0.1,0.2148317307692308,87.19230769230771,79.88461538461539,0.7230769230769231,0.1493846153846154,0.7355865384615383,0.1533846153846154,47016201.0,0.6799999999999999,4559480769.230768,2983153846.1538463,0
UnitedArabEmirates,0.016,602.609375,126120.63636363637,54.787499999999994,26.0,48644.166666666664,218489930313.07693,0.09476923076923077,1112.3076923076924,439.859375,0.07168269230769231,0.5,0.2148317307692308,87.19230769230771,79.88461538461539,1.0923076923076922,0.18876923076923077,0.8043076923076923,0.006692307692307692,29535900.951923076,0.8258461538461539,4559480769.230768,4197872290.2097907,2
UnitedKingdom,0.012307692307692308,602.609375,133280.0227272727,54.787499999999994,11.0,63745.03125,254958485073.5769,0.09476923076923077,1354.7596153846152,439.859375,0.07168269230769231,0.6923076923076923,0.2148317307692308,87.19230769230771,79.88461538461539,1.0538461538461539,0.18,0.7355865384615383,0.16199999999999998,48565704.70192307,0.801923076923077,7538134615.384614,4197872290.2097907,1
UnitedStates,0.013769230769230768,602.609375,133280.0227272727,54.787499999999994,4.0,63745.03125,254958485073.5769,0.1318076923076923,1354.7596153846152,439.859375,0.07168269230769231,0.6538461538461539,0.2148317307692308,87.19230769230771,79.88461538461539,0.7153846153846154,0.20415384615384616,0.7355865384615383,0.12638461538461537,48565704.70192307,0.800923076923077,7538134615.384614,4197872290.2097907,1
Uruguay,0.015384615384615385,602.609375,80289.65909090907,54.787499999999994,85.0,38273.46875,154104284835.96152,0.09476923076923077,825.625,439.859375,0.07168269230769231,0.2923076923076923,0.2973076923076923,87.19230769230771,79.88461538461539,0.7076923076923076,0.23438461538461539,0.7355865384615383,0.13584615384615384,29535900.951923076,0.9349999999999999,4559480769.230768,2539649737.762238,0
Uzbekistan,0.021615384615384616,822.703125,117940.36363636363,54.787499999999994,156.0,49042.083333333336,154104284835.96152,0.09476923076923077,825.625,439.859375,0.07168269230769231,0.10769230769230768,0.2148317307692308,87.19230769230771,79.88461538461539,0.29230769230769227,0.327,0.7355865384615383,0.04507692307692308,29535900.951923076,0.36638461538461536,4559480769.230768,2539649737.762238,0
Vanuatu,0.029153846153846155,602.609375,80289.65909090907,54.787499999999994,78.0,38273.46875,154104284835.96152,0.09476923076923077,825.625,439.859375,0.07168269230769231,0.06153846153846154,0.2148317307692308,87.19230769230771,79.88461538461539,0.23846153846153845,0.3943846153846154,0.7355865384615383,0.03553846153846154,29535900.951923076,0.23415384615384616,4559480769.230768,2539649737.762238,0
VenezuelaRB,0.021846153846153845,602.609375,133280.0227272727,82.0625,180.0,63268.583333333336,217305022185.23077,0.09476923076923077,825.625,647.765625,0.07168269230769231,0.2,0.2148317307692308,87.19230769230771,79.88461538461539,0.6538461538461539,0.31053846153846154,0.7355865384615383,0.05161538461538462,29535900.951923076,0.8856923076923077,4559480769.230768,2539649737.762238,2
Vietnam,0.016769230769230772,602.609375,98764.27272727272,54.787499999999994,98.0,43263.75,154104284835.96152,0.09476923076923077,825.625,647.765625,0.07168269230769231,0.16923076923076924,0.2148317307692308,87.19230769230771,79.88461538461539,0.5461538461538461,0.26615384615384613,0.7355865384615383,0.06538461538461539,48565704.70192307,0.2794615384615385,4559480769.230768,2539649737.762238,0
VirginIslandsUS,0.013,602.609375,80289.65909090907,54.787499999999994,0.0,38273.46875,154104284835.96152,0.09476923076923077,825.625,439.859375,0.07168269230769231,0.29230769230769227,0.2148317307692308,87.19230769230771,79.88461538461539,0.48333333333333334,0.22476923076923078,0.7355865384615383,0.1143076923076923,29535900.951923076,0.9383076923076923,4559480769.230768,2539649737.762238,0
YemenRep,0.034923076923076925,624.75,80289.65909090907,54.787499999999994,129.0,38273.46875,154104284835.96152,0.09476923076923077,825.625,439.859375,0.07168269230769231,0.05384615384615385,0.2148317307692308,87.19230769230771,79.88461538461539,0.21538461538461537,0.4480769230769231,0.7355865384615383,0.02723076923076923,29535900.951923076,0.29515384615384616,4559480769.230768,2539649737.762238,0
Zambia,0.04392307692307692,602.609375,80289.65909090907,54.787499999999994,90.0,38273.46875,154104284835.96152,0.09476923076923077,825.625,439.859375,0.0756923076923077,0.038461538461538464,0.2806153846153846,87.19230769230771,79.88461538461539,0.2076923076923077,0.46576923076923077,0.7355865384615383,0.026846153846153846,29535900.951923076,0.3707692307692308,4559480769.230768,2539649737.762238,0
Zimbabwe,0.032,602.609375,80289.65909090907,82.0625,168.0,38273.46875,154104284835.96152,0.09476923076923077,825.625,439.859375,0.07168269230769231,0.09230769230769233,0.32580288461538465,87.19230769230771,79.88461538461539,0.22307692307692306,0.41438461538461535,0.7355865384615383,0.037307692307692306,29535900.951923076,0.33776923076923077,4559480769.230768,2539649737.762238,0
